Vuln ID,Value,Severity
CVE-2023-20966,7.8,HIGH
CVE-2023-20963,7.8,HIGH
CVE-2023-20957,7.8,HIGH
CVE-2023-20955,7.8,HIGH
CVE-2023-20954,9.8,CRITICAL
CVE-2023-20952,5.5,MEDIUM
CVE-2023-20951,9.8,CRITICAL
CVE-2023-20936,7.8,HIGH
CVE-2023-20931,7.8,HIGH
CVE-2023-20917,7.8,HIGH
CVE-2023-20911,7.8,HIGH
CVE-2023-20910,5.5,MEDIUM
CVE-2023-20906,7.8,HIGH
CVE-2022-20467,5.5,MEDIUM
CVE-2023-21463,3.3,LOW
CVE-2023-20946,9.8,CRITICAL
CVE-2023-20944,7.8,HIGH
CVE-2023-20943,7.8,HIGH
CVE-2023-20933,7.8,HIGH
CVE-2023-20932,3.3,LOW
CVE-2022-20481,5.5,MEDIUM
CVE-2022-20455,5.5,MEDIUM
CVE-2023-20922,5.5,MEDIUM
CVE-2023-20921,7.3,HIGH
CVE-2023-20920,7.8,HIGH
CVE-2023-20915,7.8,HIGH
CVE-2023-20913,7.8,HIGH
CVE-2023-20908,5.5,MEDIUM
CVE-2022-20494,5.5,MEDIUM
CVE-2022-20493,7.8,HIGH
CVE-2022-20492,7.8,HIGH
CVE-2022-20490,7.8,HIGH
CVE-2022-20489,7.8,HIGH
CVE-2022-20461,7.8,HIGH
CVE-2022-20456,7.8,HIGH
CVE-2022-20215,5.5,MEDIUM
CVE-2022-20214,4.7,MEDIUM
CVE-2022-20213,5.5,MEDIUM
CVE-2022-20611,7.8,HIGH
CVE-2022-20501,7.3,HIGH
CVE-2022-20500,5.5,MEDIUM
CVE-2022-20498,4.4,MEDIUM
CVE-2022-20495,7.8,HIGH
CVE-2022-20491,7.8,HIGH
CVE-2022-20488,7.8,HIGH
CVE-2022-20487,7.8,HIGH
CVE-2022-20486,7.8,HIGH
CVE-2022-20485,7.8,HIGH
CVE-2022-20484,7.8,HIGH
CVE-2022-20483,7.5,HIGH
CVE-2022-20480,7.8,HIGH
CVE-2022-20479,7.8,HIGH
CVE-2022-20478,7.8,HIGH
CVE-2022-20476,5.5,MEDIUM
CVE-2022-20475,7.8,HIGH
CVE-2022-20474,7.8,HIGH
CVE-2022-20473,9.8,CRITICAL
CVE-2022-20472,9.8,CRITICAL
CVE-2022-20471,5.5,MEDIUM
CVE-2022-20470,7.8,HIGH
CVE-2022-20469,8.8,HIGH
CVE-2022-20468,6.5,MEDIUM
CVE-2022-20466,5.5,MEDIUM
CVE-2022-20449,4.4,MEDIUM
CVE-2022-20442,7.3,HIGH
CVE-2022-20411,8.8,HIGH
CVE-2021-0934,5.5,MEDIUM
CVE-2022-39915,5.5,MEDIUM
CVE-2022-39914,3.3,LOW
CVE-2022-39913,3.3,LOW
CVE-2022-39912,3.3,LOW
CVE-2022-20465,4.6,MEDIUM
CVE-2022-20462,7.8,HIGH
CVE-2022-20454,6.7,MEDIUM
CVE-2022-20453,5.5,MEDIUM
CVE-2022-20451,7.8,HIGH
CVE-2022-20450,7.8,HIGH
CVE-2022-20448,5.5,MEDIUM
CVE-2022-20446,3.3,LOW
CVE-2022-20445,7.5,HIGH
CVE-2022-20441,7.8,HIGH
CVE-2022-20426,5.5,MEDIUM
CVE-2022-20414,5.5,MEDIUM
CVE-2022-20429,8.8,HIGH
CVE-2022-20425,5.5,MEDIUM
CVE-2022-20415,7.8,HIGH
CVE-2022-20413,5.5,MEDIUM
CVE-2022-20412,6.7,MEDIUM
CVE-2022-20410,7.5,HIGH
CVE-2022-20394,5.0,MEDIUM
CVE-2022-20351,5.5,MEDIUM
CVE-2022-39877,5.3,MEDIUM
CVE-2022-39862,9.8,CRITICAL
CVE-2022-20395,7.8,HIGH
CVE-2022-20393,5.5,MEDIUM
CVE-2022-20392,7.8,HIGH
CVE-2022-36866,3.3,LOW
CVE-2022-36865,3.3,LOW
CVE-2022-20361,9.8,CRITICAL
CVE-2022-20360,7.8,HIGH
CVE-2022-20358,3.3,LOW
CVE-2022-20356,7.8,HIGH
CVE-2022-20355,5.5,MEDIUM
CVE-2022-20354,7.8,HIGH
CVE-2022-20353,5.5,MEDIUM
CVE-2022-20350,5.5,MEDIUM
CVE-2022-20349,7.8,HIGH
CVE-2022-20348,7.8,HIGH
CVE-2022-20347,8.8,HIGH
CVE-2022-20346,6.5,MEDIUM
CVE-2022-20344,7.0,HIGH
CVE-2021-39696,7.8,HIGH
CVE-2022-36833,7.8,HIGH
CVE-2022-20230,5.5,MEDIUM
CVE-2022-20229,9.8,CRITICAL
CVE-2022-20225,5.5,MEDIUM
CVE-2022-20224,7.5,HIGH
CVE-2022-20223,7.8,HIGH
CVE-2022-20221,6.5,MEDIUM
CVE-2022-20219,5.5,MEDIUM
CVE-2022-20212,7.8,HIGH
CVE-2022-20147,7.8,HIGH
CVE-2022-20145,9.8,CRITICAL
CVE-2022-20144,7.8,HIGH
CVE-2022-20143,5.5,MEDIUM
CVE-2022-20142,7.8,HIGH
CVE-2022-20138,7.8,HIGH
CVE-2022-20135,7.8,HIGH
CVE-2022-20134,7.8,HIGH
CVE-2022-20133,7.8,HIGH
CVE-2022-20131,7.5,HIGH
CVE-2022-20130,9.8,CRITICAL
CVE-2022-20129,5.5,MEDIUM
CVE-2022-20127,9.8,CRITICAL
CVE-2022-20126,7.3,HIGH
CVE-2022-20125,6.8,MEDIUM
CVE-2022-20124,7.8,HIGH
CVE-2022-20123,7.5,HIGH
CVE-2021-39691,7.3,HIGH
CVE-2021-39738,7.8,HIGH
CVE-2022-20114,7.8,HIGH
CVE-2022-20112,5.5,MEDIUM
CVE-2022-20011,5.5,MEDIUM
CVE-2022-20007,7.0,HIGH
CVE-2022-20006,7.0,HIGH
CVE-2022-20005,7.8,HIGH
CVE-2022-20004,7.8,HIGH
CVE-2021-39700,5.5,MEDIUM
CVE-2021-39809,7.5,HIGH
CVE-2021-39808,7.8,HIGH
CVE-2021-39807,7.8,HIGH
CVE-2021-39804,6.5,MEDIUM
CVE-2021-39803,6.5,MEDIUM
CVE-2021-39796,7.3,HIGH
CVE-2021-39794,7.8,HIGH
CVE-2021-0694,7.8,HIGH
CVE-2022-27837,7.8,HIGH
CVE-2021-39707,7.8,HIGH
CVE-2021-39706,7.8,HIGH
CVE-2021-39704,7.8,HIGH
CVE-2021-39701,7.8,HIGH
CVE-2021-39697,7.8,HIGH
CVE-2021-39695,7.8,HIGH
CVE-2021-39692,7.8,HIGH
CVE-2021-39667,6.5,MEDIUM
CVE-2021-39624,5.5,MEDIUM
CVE-2021-0957,7.8,HIGH
CVE-2022-23998,5.5,MEDIUM
CVE-2022-23434,3.3,LOW
CVE-2022-23433,5.3,MEDIUM
CVE-2021-39677,7.5,HIGH
CVE-2021-39676,7.8,HIGH
CVE-2021-39674,7.8,HIGH
CVE-2021-39669,7.8,HIGH
CVE-2021-39668,7.8,HIGH
CVE-2021-39666,5.5,MEDIUM
CVE-2021-39662,7.8,HIGH
CVE-2021-39631,5.5,MEDIUM
CVE-2021-39619,7.8,HIGH
CVE-2021-39659,5.5,MEDIUM
CVE-2021-39632,7.8,HIGH
CVE-2021-39629,7.0,HIGH
CVE-2021-39628,3.3,LOW
CVE-2021-39627,7.8,HIGH
CVE-2021-39626,7.8,HIGH
CVE-2021-39625,7.3,HIGH
CVE-2021-39623,9.8,CRITICAL
CVE-2021-39622,7.8,HIGH
CVE-2021-39621,7.8,HIGH
CVE-2021-39620,7.8,HIGH
CVE-2021-39618,7.8,HIGH
CVE-2021-1037,5.3,MEDIUM
CVE-2021-1036,7.8,HIGH
CVE-2022-22286,7.1,HIGH
CVE-2022-22285,7.1,HIGH
CVE-2021-43849,5.5,MEDIUM
CVE-2021-1040,7.8,HIGH
CVE-2021-1039,7.8,HIGH
CVE-2021-1038,5.5,MEDIUM
CVE-2021-0981,7.8,HIGH
CVE-2021-0971,6.5,MEDIUM
CVE-2021-0970,7.8,HIGH
CVE-2021-0969,6.5,MEDIUM
CVE-2021-0968,8.8,HIGH
CVE-2021-0967,8.8,HIGH
CVE-2021-0966,5.5,MEDIUM
CVE-2021-0965,8.8,HIGH
CVE-2021-0964,6.5,MEDIUM
CVE-2021-0963,7.1,HIGH
CVE-2021-0958,4.4,MEDIUM
CVE-2021-0956,9.8,CRITICAL
CVE-2021-0955,7.0,HIGH
CVE-2021-0954,7.3,HIGH
CVE-2021-0953,7.8,HIGH
CVE-2021-0952,5.0,MEDIUM
CVE-2021-0933,8.0,HIGH
CVE-2021-0931,5.5,MEDIUM
CVE-2021-0930,8.8,HIGH
CVE-2021-0928,7.8,HIGH
CVE-2021-0927,7.8,HIGH
CVE-2021-0926,7.8,HIGH
CVE-2021-0922,7.8,HIGH
CVE-2021-0921,7.8,HIGH
CVE-2021-0919,5.0,MEDIUM
CVE-2021-0889,9.8,CRITICAL
CVE-2021-0704,5.5,MEDIUM
CVE-2021-0653,5.5,MEDIUM
CVE-2021-0650,6.5,MEDIUM
CVE-2021-0649,7.8,HIGH
CVE-2021-0434,7.3,HIGH
CVE-2021-0672,5.5,MEDIUM
CVE-2021-0870,8.1,HIGH
CVE-2021-0708,7.8,HIGH
CVE-2021-0706,5.5,MEDIUM
CVE-2021-0705,7.8,HIGH
CVE-2021-0703,6.8,MEDIUM
CVE-2021-0702,5.5,MEDIUM
CVE-2021-0652,7.8,HIGH
CVE-2021-0651,5.5,MEDIUM
CVE-2021-0643,5.5,MEDIUM
CVE-2021-0483,7.8,HIGH
CVE-2021-0693,5.5,MEDIUM
CVE-2021-0692,7.8,HIGH
CVE-2021-0691,6.7,MEDIUM
CVE-2021-0690,6.5,MEDIUM
CVE-2021-0689,5.5,MEDIUM
CVE-2021-0688,7.0,HIGH
CVE-2021-0687,5.0,MEDIUM
CVE-2021-0686,5.5,MEDIUM
CVE-2021-0685,7.8,HIGH
CVE-2021-0684,7.8,HIGH
CVE-2021-0683,7.8,HIGH
CVE-2021-0682,5.5,MEDIUM
CVE-2021-0644,5.5,MEDIUM
CVE-2021-0598,7.3,HIGH
CVE-2021-0595,7.8,HIGH
CVE-2021-0646,7.8,HIGH
CVE-2021-0645,7.8,HIGH
CVE-2021-0642,5.5,MEDIUM
CVE-2021-0641,,
CVE-2021-0640,7.8,HIGH
CVE-2021-0593,7.8,HIGH
CVE-2021-0591,7.3,HIGH
CVE-2021-0584,5.5,MEDIUM
CVE-2021-0519,7.8,HIGH
CVE-2021-0604,5.5,MEDIUM
CVE-2021-0603,7.8,HIGH
CVE-2021-0602,7.8,HIGH
CVE-2021-0601,5.5,MEDIUM
CVE-2021-0600,7.8,HIGH
CVE-2021-0599,5.5,MEDIUM
CVE-2021-0597,5.5,MEDIUM
CVE-2021-0596,7.5,HIGH
CVE-2021-0594,8.0,HIGH
CVE-2021-0590,4.4,MEDIUM
CVE-2021-0589,7.8,HIGH
CVE-2021-0587,7.8,HIGH
CVE-2021-0586,7.8,HIGH
CVE-2021-0585,6.7,MEDIUM
CVE-2021-0515,9.8,CRITICAL
CVE-2021-0514,8.1,HIGH
CVE-2021-0486,7.8,HIGH
CVE-2021-0441,7.3,HIGH
CVE-2021-25441,7.8,HIGH
CVE-2021-25439,3.3,LOW
CVE-2021-25438,7.8,HIGH
CVE-2021-25432,3.3,LOW
CVE-2021-0605,4.4,MEDIUM
CVE-2021-0553,7.3,HIGH
CVE-2021-0552,5.5,MEDIUM
CVE-2021-0551,6.5,MEDIUM
CVE-2021-0550,7.8,HIGH
CVE-2021-0549,4.4,MEDIUM
CVE-2021-0548,7.8,HIGH
CVE-2021-0547,7.8,HIGH
CVE-2021-0546,6.7,MEDIUM
CVE-2021-0545,6.7,MEDIUM
CVE-2021-0544,6.7,MEDIUM
CVE-2021-0543,6.7,MEDIUM
CVE-2021-0542,5.5,MEDIUM
CVE-2021-0541,4.4,MEDIUM
CVE-2021-0540,6.7,MEDIUM
CVE-2021-0539,7.8,HIGH
CVE-2021-0538,7.3,HIGH
CVE-2021-0537,7.3,HIGH
CVE-2021-0536,7.8,HIGH
CVE-2021-0572,5.5,MEDIUM
CVE-2021-0571,7.8,HIGH
CVE-2021-0570,7.8,HIGH
CVE-2021-0569,5.0,MEDIUM
CVE-2021-0568,7.8,HIGH
CVE-2021-0567,7.8,HIGH
CVE-2021-0566,4.4,MEDIUM
CVE-2021-0565,7.0,HIGH
CVE-2021-0564,6.4,MEDIUM
CVE-2021-0563,5.5,MEDIUM
CVE-2021-0562,5.5,MEDIUM
CVE-2021-0561,5.5,MEDIUM
CVE-2021-0559,6.5,MEDIUM
CVE-2021-0558,6.5,MEDIUM
CVE-2021-0557,8.8,HIGH
CVE-2021-0556,5.5,MEDIUM
CVE-2021-0555,7.5,HIGH
CVE-2021-0554,5.5,MEDIUM
CVE-2021-0535,6.7,MEDIUM
CVE-2021-0534,7.8,HIGH
CVE-2021-0523,7.3,HIGH
CVE-2021-0522,7.5,HIGH
CVE-2021-0521,5.5,MEDIUM
CVE-2021-0520,7.0,HIGH
CVE-2021-0517,7.5,HIGH
CVE-2021-0516,9.8,CRITICAL
CVE-2021-0513,7.8,HIGH
CVE-2021-0511,7.8,HIGH
CVE-2021-0510,7.8,HIGH
CVE-2021-0509,7.0,HIGH
CVE-2021-0508,7.0,HIGH
CVE-2021-0507,8.8,HIGH
CVE-2021-0506,7.3,HIGH
CVE-2021-0505,7.8,HIGH
CVE-2021-0504,6.5,MEDIUM
CVE-2021-0478,7.8,HIGH
CVE-2021-0487,7.8,HIGH
CVE-2021-0485,7.8,HIGH
CVE-2021-0484,5.5,MEDIUM
CVE-2021-0482,7.0,HIGH
CVE-2021-0481,7.8,HIGH
CVE-2021-0480,5.5,MEDIUM
CVE-2021-0477,7.8,HIGH
CVE-2021-0476,7.0,HIGH
CVE-2021-0475,8.8,HIGH
CVE-2021-0474,9.8,CRITICAL
CVE-2021-0473,8.8,HIGH
CVE-2021-0472,7.8,HIGH
CVE-2021-25403,3.3,LOW
CVE-2021-0471,5.5,MEDIUM
CVE-2021-0446,7.3,HIGH
CVE-2021-0445,7.8,HIGH
CVE-2021-0444,5.5,MEDIUM
CVE-2021-0443,4.7,MEDIUM
CVE-2021-0442,7.8,HIGH
CVE-2021-0439,7.8,HIGH
CVE-2021-0437,7.8,HIGH
CVE-2021-0436,5.5,MEDIUM
CVE-2021-0435,7.5,HIGH
CVE-2021-0433,8.0,HIGH
CVE-2021-0432,7.0,HIGH
CVE-2021-0431,7.5,HIGH
CVE-2021-0430,9.8,CRITICAL
CVE-2021-0429,7.8,HIGH
CVE-2021-0427,7.8,HIGH
CVE-2021-0426,7.8,HIGH
CVE-2021-0400,5.5,MEDIUM
CVE-2021-25381,7.8,HIGH
CVE-2021-25373,7.8,HIGH
CVE-2021-30162,7.1,HIGH
CVE-2021-30161,5.5,MEDIUM
CVE-2021-0389,7.8,HIGH
CVE-2021-0388,7.8,HIGH
CVE-2021-0387,6.4,MEDIUM
CVE-2021-0386,7.8,HIGH
CVE-2021-0385,7.8,HIGH
CVE-2021-0383,7.8,HIGH
CVE-2021-0382,5.5,MEDIUM
CVE-2021-0381,5.5,MEDIUM
CVE-2021-0380,7.8,HIGH
CVE-2021-0379,6.5,MEDIUM
CVE-2021-0398,7.8,HIGH
CVE-2021-0397,9.8,CRITICAL
CVE-2021-0396,9.8,CRITICAL
CVE-2021-0395,7.8,HIGH
CVE-2021-0394,5.5,MEDIUM
CVE-2021-0393,7.8,HIGH
CVE-2021-0392,7.8,HIGH
CVE-2021-0391,7.8,HIGH
CVE-2021-0390,7.8,HIGH
CVE-2021-0378,6.5,MEDIUM
CVE-2021-0377,5.5,MEDIUM
CVE-2021-0376,7.8,HIGH
CVE-2021-0375,5.5,MEDIUM
CVE-2021-0374,4.4,MEDIUM
CVE-2021-0372,7.8,HIGH
CVE-2021-0371,6.7,MEDIUM
CVE-2021-0370,6.7,MEDIUM
CVE-2021-0369,7.8,HIGH
CVE-2021-0368,6.5,MEDIUM
CVE-2020-0025,7.8,HIGH
CVE-2021-25343,3.3,LOW
CVE-2021-27901,6.8,MEDIUM
CVE-2021-0406,6.7,MEDIUM
CVE-2021-0405,6.7,MEDIUM
CVE-2021-0404,4.4,MEDIUM
CVE-2021-0403,4.4,MEDIUM
CVE-2021-0402,6.7,MEDIUM
CVE-2021-0401,6.4,MEDIUM
CVE-2021-0367,6.4,MEDIUM
CVE-2021-0366,6.4,MEDIUM
CVE-2021-0341,7.5,HIGH
CVE-2021-0338,5.5,MEDIUM
CVE-2021-0337,7.8,HIGH
CVE-2021-0336,7.8,HIGH
CVE-2021-0335,6.5,MEDIUM
CVE-2021-0334,7.8,HIGH
CVE-2021-0333,7.3,HIGH
CVE-2021-0332,7.8,HIGH
CVE-2021-0331,7.3,HIGH
CVE-2021-0330,7.8,HIGH
CVE-2021-0329,7.8,HIGH
CVE-2021-0328,7.8,HIGH
CVE-2021-0327,7.8,HIGH
CVE-2021-0326,7.5,HIGH
CVE-2021-0325,8.8,HIGH
CVE-2020-11836,5.5,MEDIUM
CVE-2021-0351,7.5,HIGH
CVE-2021-0350,4.4,MEDIUM
CVE-2021-0349,6.7,MEDIUM
CVE-2021-0348,6.7,MEDIUM
CVE-2021-0347,4.4,MEDIUM
CVE-2021-0346,6.7,MEDIUM
CVE-2021-0345,6.7,MEDIUM
CVE-2021-0344,6.7,MEDIUM
CVE-2021-0343,6.7,MEDIUM
CVE-2021-0365,6.7,MEDIUM
CVE-2021-0364,6.7,MEDIUM
CVE-2021-0363,6.7,MEDIUM
CVE-2021-0362,6.7,MEDIUM
CVE-2021-0361,6.7,MEDIUM
CVE-2021-0360,6.7,MEDIUM
CVE-2021-0359,6.7,MEDIUM
CVE-2021-0358,6.7,MEDIUM
CVE-2021-0357,6.7,MEDIUM
CVE-2021-0356,6.7,MEDIUM
CVE-2021-0355,6.7,MEDIUM
CVE-2021-0354,6.7,MEDIUM
CVE-2021-0353,6.7,MEDIUM
CVE-2021-0352,4.4,MEDIUM
CVE-2020-27098,5.5,MEDIUM
CVE-2020-27097,5.5,MEDIUM
CVE-2021-0322,5.0,MEDIUM
CVE-2021-0321,5.5,MEDIUM
CVE-2021-0320,4.7,MEDIUM
CVE-2021-0319,7.3,HIGH
CVE-2021-0318,7.8,HIGH
CVE-2021-0317,7.8,HIGH
CVE-2021-0316,9.8,CRITICAL
CVE-2021-0315,7.3,HIGH
CVE-2021-0313,7.5,HIGH
CVE-2021-0312,6.5,MEDIUM
CVE-2021-0311,6.5,MEDIUM
CVE-2021-0310,7.8,HIGH
CVE-2021-0309,5.5,MEDIUM
CVE-2021-0308,6.8,MEDIUM
CVE-2021-0307,7.8,HIGH
CVE-2021-0306,7.8,HIGH
CVE-2021-0303,7.0,HIGH
CVE-2020-0471,9.8,CRITICAL
CVE-2020-27059,7.8,HIGH
CVE-2020-27057,3.3,LOW
CVE-2020-27056,3.3,LOW
CVE-2020-27055,7.5,HIGH
CVE-2020-27054,7.8,HIGH
CVE-2020-27053,4.4,MEDIUM
CVE-2020-27052,7.8,HIGH
CVE-2020-27051,7.8,HIGH
CVE-2020-27050,7.8,HIGH
CVE-2020-27049,7.8,HIGH
CVE-2020-27048,7.8,HIGH
CVE-2020-27047,5.5,MEDIUM
CVE-2020-27046,4.4,MEDIUM
CVE-2020-27045,7.8,HIGH
CVE-2020-27044,7.8,HIGH
CVE-2020-27043,4.4,MEDIUM
CVE-2020-27041,5.5,MEDIUM
CVE-2020-27040,4.4,MEDIUM
CVE-2020-27039,5.5,MEDIUM
CVE-2020-27038,6.5,MEDIUM
CVE-2020-27037,4.4,MEDIUM
CVE-2020-27036,6.7,MEDIUM
CVE-2020-27035,5.5,MEDIUM
CVE-2020-27034,5.5,MEDIUM
CVE-2020-27033,4.4,MEDIUM
CVE-2020-27032,5.5,MEDIUM
CVE-2020-27031,4.4,MEDIUM
CVE-2020-27030,7.8,HIGH
CVE-2020-27029,6.5,MEDIUM
CVE-2020-27028,4.4,MEDIUM
CVE-2020-27027,5.5,MEDIUM
CVE-2020-27026,5.5,MEDIUM
CVE-2020-27025,5.5,MEDIUM
CVE-2020-27024,7.5,HIGH
CVE-2020-27023,4.4,MEDIUM
CVE-2020-27021,4.4,MEDIUM
CVE-2020-0500,5.5,MEDIUM
CVE-2020-0499,4.3,MEDIUM
CVE-2020-0498,5.5,MEDIUM
CVE-2020-0497,5.5,MEDIUM
CVE-2020-0496,5.5,MEDIUM
CVE-2020-0495,5.5,MEDIUM
CVE-2020-0494,6.5,MEDIUM
CVE-2020-0493,5.5,MEDIUM
CVE-2020-0492,6.5,MEDIUM
CVE-2020-0491,6.5,MEDIUM
CVE-2020-0490,6.5,MEDIUM
CVE-2020-0489,8.8,HIGH
CVE-2020-0488,6.5,MEDIUM
CVE-2020-0486,7.8,HIGH
CVE-2020-0485,7.8,HIGH
CVE-2020-0484,6.7,MEDIUM
CVE-2020-0483,6.7,MEDIUM
CVE-2020-0482,4.4,MEDIUM
CVE-2020-0481,3.3,LOW
CVE-2020-0480,7.8,HIGH
CVE-2020-0479,7.8,HIGH
CVE-2020-0478,7.8,HIGH
CVE-2020-0477,5.5,MEDIUM
CVE-2020-0476,4.4,MEDIUM
CVE-2020-0475,7.8,HIGH
CVE-2020-0474,7.0,HIGH
CVE-2020-0473,4.6,MEDIUM
CVE-2020-0368,3.3,LOW
CVE-2020-0280,5.5,MEDIUM
CVE-2020-0244,5.5,MEDIUM
CVE-2020-0470,5.5,MEDIUM
CVE-2020-0469,5.5,MEDIUM
CVE-2020-0468,5.5,MEDIUM
CVE-2020-0467,5.5,MEDIUM
CVE-2020-0463,7.5,HIGH
CVE-2020-0460,7.5,HIGH
CVE-2020-0440,7.8,HIGH
CVE-2020-0452,9.8,CRITICAL
CVE-2020-0451,8.8,HIGH
CVE-2020-0450,6.5,MEDIUM
CVE-2020-0449,8.8,HIGH
CVE-2020-0448,5.5,MEDIUM
CVE-2020-0443,5.5,MEDIUM
CVE-2020-0442,7.5,HIGH
CVE-2020-0441,7.5,HIGH
CVE-2020-0439,7.8,HIGH
CVE-2020-0438,7.8,HIGH
CVE-2020-0437,5.5,MEDIUM
CVE-2020-0424,5.5,MEDIUM
CVE-2020-0422,3.3,LOW
CVE-2020-0421,7.8,HIGH
CVE-2020-0420,7.8,HIGH
CVE-2020-0419,5.5,MEDIUM
CVE-2020-0416,8.8,HIGH
CVE-2020-0415,5.5,MEDIUM
CVE-2020-0414,6.5,MEDIUM
CVE-2020-0413,7.5,HIGH
CVE-2020-0412,3.3,LOW
CVE-2020-0411,6.5,MEDIUM
CVE-2020-0410,5.5,MEDIUM
CVE-2020-0408,7.8,HIGH
CVE-2020-0400,5.5,MEDIUM
CVE-2020-0398,5.5,MEDIUM
CVE-2020-0378,5.5,MEDIUM
CVE-2020-0377,7.5,HIGH
CVE-2020-0246,5.5,MEDIUM
CVE-2020-0405,7.8,HIGH
CVE-2020-0365,5.5,MEDIUM
CVE-2020-0350,6.7,MEDIUM
CVE-2020-0349,4.4,MEDIUM
CVE-2020-0348,4.9,MEDIUM
CVE-2020-0347,6.7,MEDIUM
CVE-2020-0335,6.7,MEDIUM
CVE-2020-0334,6.7,MEDIUM
CVE-2020-0331,5.5,MEDIUM
CVE-2020-0327,5.5,MEDIUM
CVE-2020-0326,6.7,MEDIUM
CVE-2020-0325,4.4,MEDIUM
CVE-2020-0319,7.8,HIGH
CVE-2020-0316,5.5,MEDIUM
CVE-2020-0315,5.5,MEDIUM
CVE-2020-0313,5.5,MEDIUM
CVE-2020-0311,5.5,MEDIUM
CVE-2020-0310,5.5,MEDIUM
CVE-2020-0309,6.7,MEDIUM
CVE-2020-0307,5.5,MEDIUM
CVE-2020-0304,5.5,MEDIUM
CVE-2020-0302,5.5,MEDIUM
CVE-2020-0300,7.5,HIGH
CVE-2020-0299,7.8,HIGH
CVE-2020-0298,7.8,HIGH
CVE-2020-0295,5.5,MEDIUM
CVE-2020-0294,5.5,MEDIUM
CVE-2020-0292,4.4,MEDIUM
CVE-2020-0291,4.4,MEDIUM
CVE-2020-0286,7.5,HIGH
CVE-2020-0285,5.5,MEDIUM
CVE-2020-0284,5.5,MEDIUM
CVE-2020-0282,4.5,MEDIUM
CVE-2020-0281,4.5,MEDIUM
CVE-2020-0276,5.5,MEDIUM
CVE-2020-0273,7.8,HIGH
CVE-2020-0272,4.4,MEDIUM
CVE-2020-0271,7.3,HIGH
CVE-2020-0269,5.5,MEDIUM
CVE-2020-0268,6.4,MEDIUM
CVE-2020-0265,5.5,MEDIUM
CVE-2020-0263,5.5,MEDIUM
CVE-2020-0354,9.8,CRITICAL
CVE-2020-0318,5.5,MEDIUM
CVE-2020-0262,7.8,HIGH
CVE-2020-0089,7.8,HIGH
CVE-2020-0426,5.5,MEDIUM
CVE-2020-0425,5.5,MEDIUM
CVE-2020-0406,7.8,HIGH
CVE-2020-0375,7.8,HIGH
CVE-2020-0374,7.8,HIGH
CVE-2020-0373,4.7,MEDIUM
CVE-2020-0372,5.5,MEDIUM
CVE-2020-0370,6.5,MEDIUM
CVE-2020-0369,7.8,HIGH
CVE-2020-0366,7.8,HIGH
CVE-2020-0364,6.5,MEDIUM
CVE-2020-0363,6.5,MEDIUM
CVE-2020-0362,6.5,MEDIUM
CVE-2020-0361,6.5,MEDIUM
CVE-2020-0360,7.8,HIGH
CVE-2020-0359,5.5,MEDIUM
CVE-2020-0358,6.4,MEDIUM
CVE-2020-0357,7.8,HIGH
CVE-2020-0356,6.7,MEDIUM
CVE-2020-0355,6.5,MEDIUM
CVE-2020-0353,6.5,MEDIUM
CVE-2020-0352,5.5,MEDIUM
CVE-2020-0351,6.5,MEDIUM
CVE-2020-0346,7.8,HIGH
CVE-2020-0345,7.8,HIGH
CVE-2020-0344,5.5,MEDIUM
CVE-2020-0343,5.5,MEDIUM
CVE-2020-0341,7.8,HIGH
CVE-2020-0340,6.5,MEDIUM
CVE-2020-0337,5.5,MEDIUM
CVE-2020-0336,6.7,MEDIUM
CVE-2020-0333,9.8,CRITICAL
CVE-2020-0332,6.5,MEDIUM
CVE-2020-0330,6.7,MEDIUM
CVE-2020-0329,5.5,MEDIUM
CVE-2020-0328,4.4,MEDIUM
CVE-2020-0324,6.5,MEDIUM
CVE-2020-0323,5.5,MEDIUM
CVE-2020-0322,4.4,MEDIUM
CVE-2020-0321,8.8,HIGH
CVE-2020-0320,6.5,MEDIUM
CVE-2020-0317,5.5,MEDIUM
CVE-2020-0314,5.5,MEDIUM
CVE-2020-0312,5.5,MEDIUM
CVE-2020-0308,5.5,MEDIUM
CVE-2020-0306,7.8,HIGH
CVE-2020-0303,8.8,HIGH
CVE-2020-0301,6.5,MEDIUM
CVE-2020-0297,5.5,MEDIUM
CVE-2020-0296,5.5,MEDIUM
CVE-2020-0293,5.5,MEDIUM
CVE-2020-0290,5.5,MEDIUM
CVE-2020-0289,5.5,MEDIUM
CVE-2020-0288,5.5,MEDIUM
CVE-2020-0287,6.5,MEDIUM
CVE-2020-0279,6.5,MEDIUM
CVE-2020-0277,7.8,HIGH
CVE-2020-0275,7.8,HIGH
CVE-2020-0274,5.5,MEDIUM
CVE-2020-0270,6.5,MEDIUM
CVE-2020-0267,7.8,HIGH
CVE-2020-0266,7.8,HIGH
CVE-2020-0264,8.8,HIGH
CVE-2020-0130,7.8,HIGH
CVE-2020-0125,5.5,MEDIUM
CVE-2020-0390,5.5,MEDIUM
CVE-2020-0389,5.5,MEDIUM
CVE-2020-0388,7.8,HIGH
CVE-2020-0386,5.5,MEDIUM
CVE-2020-0385,5.5,MEDIUM
CVE-2020-0384,5.5,MEDIUM
CVE-2020-0383,5.5,MEDIUM
CVE-2020-0382,2.3,LOW
CVE-2020-0381,7.5,HIGH
CVE-2020-0380,9.8,CRITICAL
CVE-2020-0379,5.7,MEDIUM
CVE-2020-0245,8.8,HIGH
CVE-2020-0074,7.8,HIGH
CVE-2020-0215,7.8,HIGH
CVE-2020-0213,6.5,MEDIUM
CVE-2020-0202,7.8,HIGH
CVE-2020-13843,5.5,MEDIUM
CVE-2019-19690,9.8,CRITICAL
